{
    "music.startup": {
        "sounds": [
            {
                "name": "facility:music/startup",
                "stream": true
            }
         ]
    },
    "music.mccmoment": {
        "sounds": [
            {
                "name": "facility:music/mcc_moment",
                "stream": true
            }
         ]
    },
        "music.panic": {
        "sounds": [
            {
                "name": "facility:music/panic",
                "stream": true
            }
         ]
    }
}
