{
    "music.startup.1_22_0": {
        "sounds" : [
            "tdtf:music/startup/1_22_0",
            {
                "stream": true
            }
        ]
    },
    "music.startup.2_12_8": {
        "sounds" : [
            "tdtf:music/startup/2_12_8",
            {
                "stream": true
            }
        ]
    },
    "music.startup.3_17_4": {
        "sounds" : [
            "tdtf:music/startup/3_17_4",
            {
                "stream": true
            }
        ]
    },
    "music.startup.4_34_9": {
        "sounds" : [
            "tdtf:music/startup/4_34_9",
            {
                "stream": true
            }
        ]
    },
    "music.startup.5_35_0": {
        "sounds" : [
            "tdtf:music/startup/5_35_0",
            {
                "stream": true
            }
        ]
    },
    "music.startup.6_34_9": {
        "sounds" : [
            "tdtf:music/startup/6_34_9",
            {
                "stream": true
            }
        ]
    },
    "music.startup.7_34_9": {
        "sounds" : [
            "tdtf:music/startup/7_34_9",
            {
                "stream": true
            }
        ]
    },
        "music.startup.8_35_0": {
        "sounds" : [
            "tdtf:music/startup/8_35_0",
            {
                "stream": true
            }
        ]
    },
    "music.startup.9_34_8": {
        "sounds" : [
            "tdtf:music/startup/9_34_8",
            {
                "stream": true
            }
        ]
    },
    "music.startup.10_41_4": {
        "sounds" : [
            "tdtf:music/startup/10_41_4",
            {
                "stream": true
            }
        ]
    },
    "music.meltdown.beginning.1_22_5": {
        "sounds" : [
            "tdtf:music/meltdown/beginning/1_22_5",
            {
                "stream": true
            }
        ]
    },
    "music.meltdown.beginning.2_22_6": {
        "sounds" : [
            "tdtf:music/meltdown/beginning/2_22_6",
            {
                "stream": true
            }
        ]
    },
    "music.meltdown.beginning.3_22_5": {
        "sounds" : [
            "tdtf:music/meltdown/beginning/3_22_5",
            {
                "stream": true
            }
        ]
    },
    "music.meltdown.beginning.4_22_5": {
        "sounds" : [
            "tdtf:music/meltdown/beginning/4_22_5",
            {
                "stream": true
            }
        ]
    },
    "music.meltdown.beginning.5_30_0": {
        "sounds" : [
            "tdtf:music/meltdown/beginning/5_30_0",
            {
                "stream": true
            }
        ]
    },
    "music.meltdown.beginning.6_15_0": {
        "sounds" : [
            "tdtf:music/meltdown/beginning/6_15_0",
            {
                "stream": true
            }
        ]
    },
    "music.meltdown.beginning.7_60_0": {
        "sounds" : [
            "tdtf:music/meltdown/beginning/7_60_0",
            {
                "stream": true
            }
        ]
    },
    "music.meltdown.beginning.8_45_0": {
        "sounds" : [
            "tdtf:music/meltdown/beginning/8_45_0",
            {
                "stream": true
            }
        ]
    },
    "music.meltdown.beginning.9_45_0": {
        "sounds" : [
            "tdtf:music/meltdown/beginning/9_45_0",
            {
                "stream": true
            }
        ]
    },
    "music.meltdown.end.1_30_0": {
        "sounds" : [
            "tdtf:music/meltdown/end/1_30_0",
            {
                "stream": true
            }
        ]
    },
    "music.meltdown.end.2_15_0": {
        "sounds" : [
            "tdtf:music/meltdown/end/2_15_0",
            {
                "stream": true
            }
        ]
    },
    "music.meltdown.end.3_33_6": {
        "sounds" : [
            "tdtf:music/meltdown/end/3_33_6",
            {
                "stream": true
            }
        ]
    },
    "music.meltdown.end.4_10_3": {
        "sounds" : [
            "tdtf:music/meltdown/end/4_10_3",
            {
                "stream": true
            }
        ]
    },
    "music.meltdown.fade.5_30_0": {
        "sounds" : [
            "tdtf:music/meltdown/fade/5_30_0",
            {
                "stream": true
            }
        ]
    },
    "music.meltdown.fade.6_15_0": {
        "sounds" : [
            "tdtf:music/meltdown/fade/6_15_0",
            {
                "stream": true
            }
        ]
    },
    "music.meltdown.fade.7_60_0": {
        "sounds" : [
            "tdtf:music/meltdown/fade/7_60_0",
            {
                "stream": true
            }
        ]
    },
    "music.meltdown.fade.8_45_0": {
        "sounds" : [
            "tdtf:music/meltdown/fade/8_45_0",
            {
                "stream": true
            }
        ]
    },
    "music.meltdown.resume.1_15_1": {
        "sounds" : [
            "tdtf:music/meltdown/resume/1_15_1",
            {
                "stream": true
            }
        ]
    },
    "music.meltdown.resume.2_45_0": {
        "sounds" : [
            "tdtf:music/meltdown/resume/2_45_0",
            {
                "stream": true
            }
        ]
    }
}