{
  "oversized_in_gui": true,
  "model": {
    "type": "minecraft:range_dispatch",
    "property": "minecraft:custom_model_data",
    "scale": 1,

    "index": 0,

    "entries": [
      {
        "threshold": 2,
        "model": {
          "type": "minecraft:model",
          "model": "minecraft:item/slot_filler"
        }
      },
      {
        "threshold": 0,
        "model": {
          "type": "minecraft:model",
          "model": "minecraft:item/glass_pane"
        }
      }
    ]
  }
}